"filename", "language", "JavaScript", "Markdown", "JSON", "YAML", "PostCSS", "HTML", "JavaScript JSX", "comment", "blank", "total"
"f:\My Projects\SnakrX\.eslintrc.cjs", "JavaScript", 50, 0, 0, 0, 0, 0, 0, 0, 1, 51
"f:\My Projects\SnakrX\.github\workflows\ci.yml", "YAML", 0, 0, 0, 178, 0, 0, 0, 0, 37, 215
"f:\My Projects\SnakrX\.prettierrc.json", "JSON", 0, 0, 10, 0, 0, 0, 0, 0, 1, 11
"f:\My Projects\SnakrX\AGENTS.md", "Markdown", 0, 40, 0, 0, 0, 0, 0, 0, 7, 47
"f:\My Projects\SnakrX\README.md", "Markdown", 0, 172, 0, 0, 0, 0, 0, 0, 51, 223
"f:\My Projects\SnakrX\docs\architecture.md", "Markdown", 0, 85, 0, 0, 0, 0, 0, 0, 38, 123
"f:\My Projects\SnakrX\docs\deployment-readiness.md", "Markdown", 0, 68, 0, 0, 0, 0, 0, 0, 25, 93
"f:\My Projects\SnakrX\docs\production-deployment.md", "Markdown", 0, 74, 0, 0, 0, 0, 0, 0, 38, 112
"f:\My Projects\SnakrX\docs\superpowers\plans\2026-03-19-achievement-chain-modal-and-speed-tuning.md", "Markdown", 0, 97, 0, 0, 0, 0, 0, 0, 62, 159
"f:\My Projects\SnakrX\docs\superpowers\specs\2026-03-19-achievement-chain-modal-and-speed-design.md", "Markdown", 0, 73, 0, 0, 0, 0, 0, 0, 28, 101
"f:\My Projects\SnakrX\e2e\auth.spec.js", "JavaScript", 25, 0, 0, 0, 0, 0, 0, 0, 6, 31
"f:\My Projects\SnakrX\e2e\friends.spec.js", "JavaScript", 13, 0, 0, 0, 0, 0, 0, 0, 3, 16
"f:\My Projects\SnakrX\e2e\game-classic.spec.js", "JavaScript", 35, 0, 0, 0, 0, 0, 0, 0, 8, 43
"f:\My Projects\SnakrX\e2e\game-modes.spec.js", "JavaScript", 49, 0, 0, 0, 0, 0, 0, 0, 10, 59
"f:\My Projects\SnakrX\e2e\gameplay.spec.js", "JavaScript", 31, 0, 0, 0, 0, 0, 0, 0, 8, 39
"f:\My Projects\SnakrX\e2e\global.setup.js", "JavaScript", 96, 0, 0, 0, 0, 0, 0, 0, 14, 110
"f:\My Projects\SnakrX\e2e\helpers\auth.js", "JavaScript", 44, 0, 0, 0, 0, 0, 0, 0, 10, 54
"f:\My Projects\SnakrX\e2e\navigation-auth.spec.js", "JavaScript", 27, 0, 0, 0, 0, 0, 0, 0, 5, 32
"f:\My Projects\SnakrX\e2e\navigation.spec.js", "JavaScript", 8, 0, 0, 0, 0, 0, 0, 0, 1, 9
"f:\My Projects\SnakrX\e2e\public-pages.spec.js", "JavaScript", 20, 0, 0, 0, 0, 0, 0, 0, 6, 26
"f:\My Projects\SnakrX\e2e\pwa-and-session.spec.js", "JavaScript", 16, 0, 0, 0, 0, 0, 0, 0, 3, 19
"f:\My Projects\SnakrX\e2e\pwa-auth.spec.js", "JavaScript", 17, 0, 0, 0, 0, 0, 0, 0, 4, 21
"f:\My Projects\SnakrX\firebase.json", "JSON", 0, 0, 64, 0, 0, 0, 0, 0, 1, 65
"f:\My Projects\SnakrX\firestore.indexes.json", "JSON", 0, 0, 13, 0, 0, 0, 0, 0, 1, 14
"f:\My Projects\SnakrX\functions\README.md", "Markdown", 0, 13, 0, 0, 0, 0, 0, 0, 6, 19
"f:\My Projects\SnakrX\functions\index.js", "JavaScript", 20, 0, 0, 0, 0, 0, 0, 0, 2, 22
"f:\My Projects\SnakrX\functions\package-lock.json", "JSON", 0, 0, 2738, 0, 0, 0, 0, 0, 1, 2739
"f:\My Projects\SnakrX\functions\package.json", "JSON", 0, 0, 14, 0, 0, 0, 0, 0, 1, 15
"f:\My Projects\SnakrX\functions\src\achievements.js", "JavaScript", 139, 0, 0, 0, 0, 0, 0, 0, 29, 168
"f:\My Projects\SnakrX\functions\src\admin.js", "JavaScript", 136, 0, 0, 0, 0, 0, 0, 0, 22, 158
"f:\My Projects\SnakrX\functions\src\admin.test.js", "JavaScript", 73, 0, 0, 0, 0, 0, 0, 1, 9, 83
"f:\My Projects\SnakrX\functions\src\avatar.js", "JavaScript", 107, 0, 0, 0, 0, 0, 0, 0, 23, 130
"f:\My Projects\SnakrX\functions\src\avatar.test.js", "JavaScript", 25, 0, 0, 0, 0, 0, 0, 1, 9, 35
"f:\My Projects\SnakrX\functions\src\friends.js", "JavaScript", 76, 0, 0, 0, 0, 0, 0, 0, 18, 94
"f:\My Projects\SnakrX\functions\src\games.js", "JavaScript", 364, 0, 0, 0, 0, 0, 0, 0, 53, 417
"f:\My Projects\SnakrX\functions\src\games.test.js", "JavaScript", 77, 0, 0, 0, 0, 0, 0, 1, 10, 88
"f:\My Projects\SnakrX\functions\src\leaderboards.js", "JavaScript", 437, 0, 0, 0, 0, 0, 0, 0, 66, 503
"f:\My Projects\SnakrX\functions\src\otp.js", "JavaScript", 212, 0, 0, 0, 0, 0, 0, 0, 41, 253
"f:\My Projects\SnakrX\functions\src\otp.test.js", "JavaScript", 22, 0, 0, 0, 0, 0, 0, 1, 6, 29
"f:\My Projects\SnakrX\functions\src\registration.js", "JavaScript", 52, 0, 0, 0, 0, 0, 0, 0, 6, 58
"f:\My Projects\SnakrX\functions\src\registration.test.js", "JavaScript", 192, 0, 0, 0, 0, 0, 0, 1, 18, 211
"f:\My Projects\SnakrX\functions\src\registrationCore.js", "JavaScript", 210, 0, 0, 0, 0, 0, 0, 0, 33, 243
"f:\My Projects\SnakrX\functions\src\runtime.js", "JavaScript", 33, 0, 0, 0, 0, 0, 0, 0, 9, 42
"f:\My Projects\SnakrX\functions\src\shared\achievementCatalog.js", "JavaScript", 263, 0, 0, 0, 0, 0, 0, 0, 31, 294
"f:\My Projects\SnakrX\functions\src\shared\authz.js", "JavaScript", 15, 0, 0, 0, 0, 0, 0, 0, 5, 20
"f:\My Projects\SnakrX\functions\src\shared\constants.js", "JavaScript", 81, 0, 0, 0, 0, 0, 0, 0, 2, 83
"f:\My Projects\SnakrX\functions\src\shared\coreUtils.js", "JavaScript", 67, 0, 0, 0, 0, 0, 0, 0, 15, 82
"f:\My Projects\SnakrX\functions\src\shared\emailUtils.js", "JavaScript", 146, 0, 0, 0, 0, 0, 0, 0, 17, 163
"f:\My Projects\SnakrX\functions\src\shared\gameFinalization.js", "JavaScript", 276, 0, 0, 0, 0, 0, 0, 0, 45, 321
"f:\My Projects\SnakrX\functions\src\shared\gameStats.js", "JavaScript", 430, 0, 0, 0, 0, 0, 0, 0, 72, 502
"f:\My Projects\SnakrX\functions\src\shared\leaderboardCore.js", "JavaScript", 155, 0, 0, 0, 0, 0, 0, 0, 21, 176
"f:\My Projects\SnakrX\functions\src\shared\leaderboardCore.test.js", "JavaScript", 158, 0, 0, 0, 0, 0, 0, 1, 15, 174
"f:\My Projects\SnakrX\functions\src\shared\leaderboardUtils.js", "JavaScript", 90, 0, 0, 0, 0, 0, 0, 0, 14, 104
"f:\My Projects\SnakrX\functions\src\shared\observability.js", "JavaScript", 31, 0, 0, 0, 0, 0, 0, 0, 7, 38
"f:\My Projects\SnakrX\functions\src\shared\profileSeeds.js", "JavaScript", 167, 0, 0, 0, 0, 0, 0, 0, 8, 175
"f:\My Projects\SnakrX\functions\src\shared\publicProfilePayload.js", "JavaScript", 28, 0, 0, 0, 0, 0, 0, 0, 3, 31
"f:\My Projects\SnakrX\functions\src\shared\publicProfilePayload.test.js", "JavaScript", 49, 0, 0, 0, 0, 0, 0, 1, 3, 53
"f:\My Projects\SnakrX\functions\src\shared\rateLimitUtils.js", "JavaScript", 28, 0, 0, 0, 0, 0, 0, 0, 8, 36
"f:\My Projects\SnakrX\functions\src\shared\supportUtils.js", "JavaScript", 81, 0, 0, 0, 0, 0, 0, 0, 14, 95
"f:\My Projects\SnakrX\functions\src\shared\timeUtils.js", "JavaScript", 76, 0, 0, 0, 0, 0, 0, 0, 16, 92
"f:\My Projects\SnakrX\functions\src\shared\utils.js", "JavaScript", 10, 0, 0, 0, 0, 0, 0, 0, 1, 11
"f:\My Projects\SnakrX\functions\src\support.js", "JavaScript", 308, 0, 0, 0, 0, 0, 0, 0, 49, 357
"f:\My Projects\SnakrX\functions\src\support.test.js", "JavaScript", 49, 0, 0, 0, 0, 0, 0, 1, 9, 59
"f:\My Projects\SnakrX\index.html", "HTML", 0, 0, 0, 0, 0, 70, 0, 0, 7, 77
"f:\My Projects\SnakrX\package-lock.json", "JSON", 0, 0, 11694, 0, 0, 0, 0, 0, 1, 11695
"f:\My Projects\SnakrX\package.json", "JSON", 0, 0, 71, 0, 0, 0, 0, 0, 1, 72
"f:\My Projects\SnakrX\playwright.config.js", "JavaScript", 31, 0, 0, 0, 0, 0, 0, 0, 2, 33
"f:\My Projects\SnakrX\postcss.config.js", "JavaScript", 6, 0, 0, 0, 0, 0, 0, 0, 0, 6
"f:\My Projects\SnakrX\scripts\check-coverage.cjs", "JavaScript", 58, 0, 0, 0, 0, 0, 0, 0, 16, 74
"f:\My Projects\SnakrX\scripts\check-deploy-env.cjs", "JavaScript", 48, 0, 0, 0, 0, 0, 0, 0, 10, 58
"f:\My Projects\SnakrX\src\App.jsx", "JavaScript JSX", 0, 0, 0, 0, 0, 0, 76, 2, 5, 83
"f:\My Projects\SnakrX\src\AppProviders.jsx", "JavaScript JSX", 0, 0, 0, 0, 0, 0, 16, 0, 3, 19
"f:\My Projects\SnakrX\src\achievements.test.js", "JavaScript", 84, 0, 0, 0, 0, 0, 0, 0, 13, 97
"f:\My Projects\SnakrX\src\components\AchievementProgress.jsx", "JavaScript JSX", 0, 0, 0, 0, 0, 0, 146, 12, 16, 174
"f:\My Projects\SnakrX\src\components\achievements\AchievementCollectionsSection.jsx", "JavaScript JSX", 0, 0, 0, 0, 0, 0, 59, 0, 7, 66
"f:\My Projects\SnakrX\src\components\achievements\AchievementDetailModal.jsx", "JavaScript JSX", 0, 0, 0, 0, 0, 0, 94, 0, 6, 100
"f:\My Projects\SnakrX\src\components\achievements\AchievementFilters.jsx", "JavaScript JSX", 0, 0, 0, 0, 0, 0, 83, 0, 6, 89
"f:\My Projects\SnakrX\src\components\achievements\AchievementGrid.jsx", "JavaScript JSX", 0, 0, 0, 0, 0, 0, 62, 0, 3, 65
"f:\My Projects\SnakrX\src\components\achievements\AchievementTierStats.jsx", "JavaScript JSX", 0, 0, 0, 0, 0, 0, 31, 0, 3, 34
"f:\My Projects\SnakrX\src\components\achievements\AchievementsOverviewSection.jsx", "JavaScript JSX", 0, 0, 0, 0, 0, 0, 54, 0, 6, 60
"f:\My Projects\SnakrX\src\components\achievements\AchievementsPageBackground.jsx", "JavaScript JSX", 0, 0, 0, 0, 0, 0, 17, 0, 3, 20
"f:\My Projects\SnakrX\src\components\achievements\AchievementsPageHeader.jsx", "JavaScript JSX", 0, 0, 0, 0, 0, 0, 18, 0, 3, 21
"f:\My Projects\SnakrX\src\components\achievements\UncollectedAchievementsBanner.jsx", "JavaScript JSX", 0, 0, 0, 0, 0, 0, 73, 0, 5, 78
"f:\My Projects\SnakrX\src\components\achievements\achievementPageUtils.js", "JavaScript", 66, 0, 0, 0, 0, 0, 0, 0, 14, 80
"f:\My Projects\SnakrX\src\components\achievements\achievementViewState.js", "JavaScript", 189, 0, 0, 0, 0, 0, 0, 0, 32, 221
"f:\My Projects\SnakrX\src\components\achievements\achievementViewState.test.js", "JavaScript", 177, 0, 0, 0, 0, 0, 0, 0, 11, 188
"f:\My Projects\SnakrX\src\components\achievements\detailModal\ChainAchievementDetail.jsx", "JavaScript JSX", 0, 0, 0, 0, 0, 0, 202, 0, 14, 216
"f:\My Projects\SnakrX\src\components\achievements\detailModal\ChainAchievementDetail.test.jsx", "JavaScript JSX", 0, 0, 0, 0, 0, 0, 102, 0, 6, 108
"f:\My Projects\SnakrX\src\components\achievements\detailModal\ModalActionButtons.jsx", "JavaScript JSX", 0, 0, 0, 0, 0, 0, 81, 0, 3, 84
"f:\My Projects\SnakrX\src\components\achievements\detailModal\RequirementPanel.jsx", "JavaScript JSX", 0, 0, 0, 0, 0, 0, 42, 0, 4, 46
"f:\My Projects\SnakrX\src\components\achievements\detailModal\SingleAchievementDetail.jsx", "JavaScript JSX", 0, 0, 0, 0, 0, 0, 73, 0, 7, 80
"f:\My Projects\SnakrX\src\components\achievements\grid\AchievementGridCard.jsx", "JavaScript JSX", 0, 0, 0, 0, 0, 0, 210, 0, 14, 224
"f:\My Projects\SnakrX\src\components\achievements\grid\AchievementGridEmptyState.jsx", "JavaScript JSX", 0, 0, 0, 0, 0, 0, 30, 0, 3, 33
"f:\My Projects\SnakrX\src\components\achievements\grid\AchievementGridProgressBar.jsx", "JavaScript JSX", 0, 0, 0, 0, 0, 0, 27, 0, 2, 29
"f:\My Projects\SnakrX\src\components\achievements\grid\achievementGridState.js", "JavaScript", 85, 0, 0, 0, 0, 0, 0, 0, 4, 89
"f:\My Projects\SnakrX\src\components\admin\AdminStats.jsx", "JavaScript JSX", 0, 0, 0, 0, 0, 0, 42, 3, 5, 50
"f:\My Projects\SnakrX\src\components\admin\AdminTabs.jsx", "JavaScript JSX", 0, 0, 0, 0, 0, 0, 47, 3, 3, 53
"f:\My Projects\SnakrX\src\components\admin\AnalyticsTab.jsx", "JavaScript JSX", 0, 0, 0, 0, 0, 0, 76, 3, 5, 84
"f:\My Projects\SnakrX\src\components\admin\MatchHistoryTab.jsx", "JavaScript JSX", 0, 0, 0, 0, 0, 0, 86, 3, 8, 97
"f:\My Projects\SnakrX\src\components\admin\SupportTicketsTab.jsx", "JavaScript JSX", 0, 0, 0, 0, 0, 0, 100, 0, 10, 110
"f:\My Projects\SnakrX\src\components\admin\SupportTicketsTab.test.jsx", "JavaScript JSX", 0, 0, 0, 0, 0, 0, 50, 0, 6, 56
"f:\My Projects\SnakrX\src\components\admin\UsersTab.jsx", "JavaScript JSX", 0, 0, 0, 0, 0, 0, 171, 8, 15, 194
"f:\My Projects\SnakrX\src\components\admin\index.js", "JavaScript", 6, 0, 0, 0, 0, 0, 0, 4, 2, 12
"f:\My Projects\SnakrX\src\components\admin\supportTickets\SupportTicketCard.jsx", "JavaScript JSX", 0, 0, 0, 0, 0, 0, 152, 0, 12, 164
"f:\My Projects\SnakrX\src\components\admin\supportTickets\SupportTicketsFilters.jsx", "JavaScript JSX", 0, 0, 0, 0, 0, 0, 43, 0, 4, 47
"f:\My Projects\SnakrX\src\components\admin\supportTickets\SupportTicketsSummary.jsx", "JavaScript JSX", 0, 0, 0, 0, 0, 0, 43, 0, 5, 48
"f:\My Projects\SnakrX\src\components\admin\supportTickets\constants.js", "JavaScript", 26, 0, 0, 0, 0, 0, 0, 0, 5, 31
"f:\My Projects\SnakrX\src\components\admin\supportTickets\helpers.js", "JavaScript", 55, 0, 0, 0, 0, 0, 0, 0, 11, 66
"f:\My Projects\SnakrX\src\components\admin\supportTickets\helpers.test.js", "JavaScript", 44, 0, 0, 0, 0, 0, 0, 0, 7, 51
"f:\My Projects\SnakrX\src\components\auth\ProtectedRoute.jsx", "JavaScript JSX", 0, 0, 0, 0, 0, 0, 30, 8, 7, 45
"f:\My Projects\SnakrX\src\components\auth\ProtectedRoute.test.jsx", "JavaScript JSX", 0, 0, 0, 0, 0, 0, 71, 0, 11, 82
"f:\My Projects\SnakrX\src\components\auth\PublicRoute.jsx", "JavaScript JSX", 0, 0, 0, 0, 0, 0, 14, 7, 6, 27
"f:\My Projects\SnakrX\src\components\auth\login\LoginPageBackground.jsx", "JavaScript JSX", 0, 0, 0, 0, 0, 0, 18, 0, 3, 21
"f:\My Projects\SnakrX\src\components\auth\login\LoginPageHeader.jsx", "JavaScript JSX", 0, 0, 0, 0, 0, 0, 24, 0, 3, 27
"f:\My Projects\SnakrX\src\components\auth\login\LoginPageLinks.jsx", "JavaScript JSX", 0, 0, 0, 0, 0, 0, 39, 0, 5, 44
"f:\My Projects\SnakrX\src\components\auth\login\LoginProgressIndicator.jsx", "JavaScript JSX", 0, 0, 0, 0, 0, 0, 27, 0, 3, 30
"f:\My Projects\SnakrX\src\components\auth\login\LoginStepIdentifier.jsx", "JavaScript JSX", 0, 0, 0, 0, 0, 0, 69, 0, 5, 74
"f:\My Projects\SnakrX\src\components\auth\login\LoginStepPassword.jsx", "JavaScript JSX", 0, 0, 0, 0, 0, 0, 102, 0, 6, 108
"f:\My Projects\SnakrX\src\components\auth\login\loginValidation.js", "JavaScript", 19, 0, 0, 0, 0, 0, 0, 0, 5, 24
"f:\My Projects\SnakrX\src\components\auth\login\loginValidation.test.js", "JavaScript", 22, 0, 0, 0, 0, 0, 0, 0, 7, 29
"f:\My Projects\SnakrX\src\components\auth\register\RegisterPageBackground.jsx", "JavaScript JSX", 0, 0, 0, 0, 0, 0, 18, 0, 3, 21
"f:\My Projects\SnakrX\src\components\auth\register\RegisterPageHeader.jsx", "JavaScript JSX", 0, 0, 0, 0, 0, 0, 24, 0, 3, 27
"f:\My Projects\SnakrX\src\components\auth\register\RegisterPageLinks.jsx", "JavaScript JSX", 0, 0, 0, 0, 0, 0, 32, 0, 4, 36
"f:\My Projects\SnakrX\src\components\auth\register\RegisterProgressIndicator.jsx", "JavaScript JSX", 0, 0, 0, 0, 0, 0, 34, 0, 3, 37
"f:\My Projects\SnakrX\src\components\auth\register\RegisterStepAccountDetails.jsx", "JavaScript JSX", 0, 0, 0, 0, 0, 0, 135, 0, 6, 141
"f:\My Projects\SnakrX\src\components\auth\register\RegisterStepEmailVerification.jsx", "JavaScript JSX", 0, 0, 0, 0, 0, 0, 121, 0, 6, 127
"f:\My Projects\SnakrX\src\components\auth\register\RegisterStepPassword.jsx", "JavaScript JSX", 0, 0, 0, 0, 0, 0, 173, 0, 9, 182
"f:\My Projects\SnakrX\src\components\auth\register\registerUtils.js", "JavaScript", 18, 0, 0, 0, 0, 0, 0, 0, 3, 21
"f:\My Projects\SnakrX\src\components\auth\register\registerUtils.test.js", "JavaScript", 14, 0, 0, 0, 0, 0, 0, 0, 3, 17
"f:\My Projects\SnakrX\src\components\game\AchievementUnlockModal.jsx", "JavaScript JSX", 0, 0, 0, 0, 0, 0, 25, 0, 3, 28
"f:\My Projects\SnakrX\src\components\game\GameBoard.jsx", "JavaScript JSX", 0, 0, 0, 0, 0, 0, 113, 0, 12, 125
"f:\My Projects\SnakrX\src\components\game\GameBoard.test.jsx", "JavaScript JSX", 0, 0, 0, 0, 0, 0, 21, 0, 4, 25
"f:\My Projects\SnakrX\src\components\game\GameBonusFoodToggle.jsx", "JavaScript JSX", 0, 0, 0, 0, 0, 0, 49, 0, 2, 51
"f:\My Projects\SnakrX\src\components\game\GameClassicOptions.jsx", "JavaScript JSX", 0, 0, 0, 0, 0, 0, 48, 0, 3, 51
"f:\My Projects\SnakrX\src\components\game\GameControls.jsx", "JavaScript JSX", 0, 0, 0, 0, 0, 0, 54, 0, 6, 60
"f:\My Projects\SnakrX\src\components\game\GameControls.test.jsx", "JavaScript JSX", 0, 0, 0, 0, 0, 0, 93, 0, 21, 114
"f:\My Projects\SnakrX\src\components\game\GameDeveloperHud.jsx", "JavaScript JSX", 0, 0, 0, 0, 0, 0, 26, 0, 4, 30
"f:\My Projects\SnakrX\src\components\game\GameDeveloperHud.test.jsx", "JavaScript JSX", 0, 0, 0, 0, 0, 0, 36, 0, 7, 43
"f:\My Projects\SnakrX\src\components\game\GameLegend.jsx", "JavaScript JSX", 0, 0, 0, 0, 0, 0, 22, 0, 6, 28
"f:\My Projects\SnakrX\src\components\game\GameMobileWarningModal.jsx", "JavaScript JSX", 0, 0, 0, 0, 0, 0, 42, 0, 3, 45
"f:\My Projects\SnakrX\src\components\game\GameModeConfigurationPanel.jsx", "JavaScript JSX", 0, 0, 0, 0, 0, 0, 188, 0, 18, 206
"f:\My Projects\SnakrX\src\components\game\GameModeGrid.jsx", "JavaScript JSX", 0, 0, 0, 0, 0, 0, 89, 0, 7, 96
"f:\My Projects\SnakrX\src\components\game\GameModeQuickStats.jsx", "JavaScript JSX", 0, 0, 0, 0, 0, 0, 19, 0, 3, 22
"f:\My Projects\SnakrX\src\components\game\GamePageBackground.jsx", "JavaScript JSX", 0, 0, 0, 0, 0, 0, 17, 0, 3, 20
"f:\My Projects\SnakrX\src\components\game\GamePageHeader.jsx", "JavaScript JSX", 0, 0, 0, 0, 0, 0, 16, 0, 3, 19
"f:\My Projects\SnakrX\src\components\game\GameReadyOverlay.jsx", "JavaScript JSX", 0, 0, 0, 0, 0, 0, 85, 0, 5, 90
"f:\My Projects\SnakrX\src\components\game\GameResultModal.jsx", "JavaScript JSX", 0, 0, 0, 0, 0, 0, 90, 0, 3, 93
"f:\My Projects\SnakrX\src\components\game\GameSessionBackground.jsx", "JavaScript JSX", 0, 0, 0, 0, 0, 0, 16, 0, 3, 19
"f:\My Projects\SnakrX\src\components\game\GameSessionBackground.test.jsx", "JavaScript JSX", 0, 0, 0, 0, 0, 0, 15, 0, 3, 18
"f:\My Projects\SnakrX\src\components\game\GameSidebar.jsx", "JavaScript JSX", 0, 0, 0, 0, 0, 0, 85, 0, 4, 89
"f:\My Projects\SnakrX\src\components\game\GameSidebar.test.jsx", "JavaScript JSX", 0, 0, 0, 0, 0, 0, 65, 0, 12, 77
"f:\My Projects\SnakrX\src\components\game\GameStage.jsx", "JavaScript JSX", 0, 0, 0, 0, 0, 0, 97, 0, 3, 100
"f:\My Projects\SnakrX\src\components\game\GameStage.test.jsx", "JavaScript JSX", 0, 0, 0, 0, 0, 0, 91, 0, 14, 105
"f:\My Projects\SnakrX\src\components\game\InputPerformanceMonitor.jsx", "JavaScript JSX", 0, 0, 0, 0, 0, 0, 150, 6, 19, 175
"f:\My Projects\SnakrX\src\components\game\InputPerformanceMonitor.test.jsx", "JavaScript JSX", 0, 0, 0, 0, 0, 0, 57, 0, 11, 68
"f:\My Projects\SnakrX\src\components\game\gameBoard\BoardFoodLayer.jsx", "JavaScript JSX", 0, 0, 0, 0, 0, 0, 107, 0, 11, 118
"f:\My Projects\SnakrX\src\components\game\gameBoard\BoardFoodLayer.test.jsx", "JavaScript JSX", 0, 0, 0, 0, 0, 0, 68, 0, 13, 81
"f:\My Projects\SnakrX\src\components\game\gameBoard\BoardSnakeLayer.jsx", "JavaScript JSX", 0, 0, 0, 0, 0, 0, 97, 0, 12, 109
"f:\My Projects\SnakrX\src\components\game\gameBoard\BoardSnakeLayer.test.jsx", "JavaScript JSX", 0, 0, 0, 0, 0, 0, 53, 0, 10, 63
"f:\My Projects\SnakrX\src\components\game\gameBoard\PauseOverlay.jsx", "JavaScript JSX", 0, 0, 0, 0, 0, 0, 15, 0, 4, 19
"f:\My Projects\SnakrX\src\components\game\gameBoard\boardSizing.js", "JavaScript", 9, 0, 0, 0, 0, 0, 0, 0, 4, 13
"f:\My Projects\SnakrX\src\components\game\gameBoard\constants.js", "JavaScript", 13, 0, 0, 0, 0, 0, 0, 0, 3, 16
"f:\My Projects\SnakrX\src\components\game\gameBoard\useResponsiveBoardScale.js", "JavaScript", 29, 0, 0, 0, 0, 0, 0, 0, 10, 39
"f:\My Projects\SnakrX\src\components\game\gameControls\FloatingGameHUD.jsx", "JavaScript JSX", 0, 0, 0, 0, 0, 0, 43, 0, 5, 48
"f:\My Projects\SnakrX\src\components\game\gameControls\GameActionButtons.jsx", "JavaScript JSX", 0, 0, 0, 0, 0, 0, 54, 0, 7, 61
"f:\My Projects\SnakrX\src\components\game\gameControls\GameOverOverlay.jsx", "JavaScript JSX", 0, 0, 0, 0, 0, 0, 60, 0, 8, 68
"f:\My Projects\SnakrX\src\components\game\gameControls\GameStatsPanel.jsx", "JavaScript JSX", 0, 0, 0, 0, 0, 0, 103, 0, 11, 114
"f:\My Projects\SnakrX\src\components\game\gameControls\KeyboardHelpCard.jsx", "JavaScript JSX", 0, 0, 0, 0, 0, 0, 13, 0, 3, 16
"f:\My Projects\SnakrX\src\components\game\gameControls\TouchControlsPanel.jsx", "JavaScript JSX", 0, 0, 0, 0, 0, 0, 71, 0, 7, 78
"f:\My Projects\SnakrX\src\components\game\gameControls\gameControlUtils.js", "JavaScript", 19, 0, 0, 0, 0, 0, 0, 0, 4, 23
"f:\My Projects\SnakrX\src\components\game\gamePageComponents.test.jsx", "JavaScript JSX", 0, 0, 0, 0, 0, 0, 115, 0, 18, 133
"f:\My Projects\SnakrX\src\components\game\gamePageConfig.js", "JavaScript", 161, 0, 0, 0, 0, 0, 0, 0, 12, 173
"f:\My Projects\SnakrX\src\components\game\gamePageMeta.js", "JavaScript", 12, 0, 0, 0, 0, 0, 0, 0, 2, 14
"f:\My Projects\SnakrX\src\components\help\HelpBackground.jsx", "JavaScript JSX", 0, 0, 0, 0, 0, 0, 17, 0, 3, 20
"f:\My Projects\SnakrX\src\components\help\HelpFaqSection.jsx", "JavaScript JSX", 0, 0, 0, 0, 0, 0, 45, 0, 3, 48
"f:\My Projects\SnakrX\src\components\help\HelpPageHeader.jsx", "JavaScript JSX", 0, 0, 0, 0, 0, 0, 18, 0, 3, 21
"f:\My Projects\SnakrX\src\components\help\HelpSectionContent.jsx", "JavaScript JSX", 0, 0, 0, 0, 0, 0, 26, 0, 3, 29
"f:\My Projects\SnakrX\src\components\help\HelpSidebar.jsx", "JavaScript JSX", 0, 0, 0, 0, 0, 0, 41, 0, 4, 45
"f:\My Projects\SnakrX\src\components\help\helpComponents.test.jsx", "JavaScript JSX", 0, 0, 0, 0, 0, 0, 48, 0, 8, 56
"f:\My Projects\SnakrX\src\components\help\helpData.js", "JavaScript", 82, 0, 0, 0, 0, 0, 0, 0, 4, 86
"f:\My Projects\SnakrX\src\components\help\sections\AccountHelpSection.jsx", "JavaScript JSX", 0, 0, 0, 0, 0, 0, 74, 0, 6, 80
"f:\My Projects\SnakrX\src\components\help\sections\AchievementsHelpSection.jsx", "JavaScript JSX", 0, 0, 0, 0, 0, 0, 55, 0, 8, 63
"f:\My Projects\SnakrX\src\components\help\sections\ControlsHelpSection.jsx", "JavaScript JSX", 0, 0, 0, 0, 0, 0, 85, 0, 10, 95
"f:\My Projects\SnakrX\src\components\help\sections\GameModesHelpSection.jsx", "JavaScript JSX", 0, 0, 0, 0, 0, 0, 80, 0, 7, 87
"f:\My Projects\SnakrX\src\components\help\sections\GettingStartedHelpSection.jsx", "JavaScript JSX", 0, 0, 0, 0, 0, 0, 69, 0, 7, 76
"f:\My Projects\SnakrX\src\components\help\sections\TroubleshootingHelpSection.jsx", "JavaScript JSX", 0, 0, 0, 0, 0, 0, 83, 0, 7, 90
"f:\My Projects\SnakrX\src\components\home\HomeAchievementsPanel.jsx", "JavaScript JSX", 0, 0, 0, 0, 0, 0, 76, 0, 5, 81
"f:\My Projects\SnakrX\src\components\home\HomeActionPanels.jsx", "JavaScript JSX", 0, 0, 0, 0, 0, 0, 61, 0, 6, 67
"f:\My Projects\SnakrX\src\components\home\HomeBackground.jsx", "JavaScript JSX", 0, 0, 0, 0, 0, 0, 23, 0, 3, 26
"f:\My Projects\SnakrX\src\components\home\HomeFirstGameCta.jsx", "JavaScript JSX", 0, 0, 0, 0, 0, 0, 32, 0, 4, 36
"f:\My Projects\SnakrX\src\components\home\HomeGameModesSection.jsx", "JavaScript JSX", 0, 0, 0, 0, 0, 0, 87, 0, 8, 95
"f:\My Projects\SnakrX\src\components\home\HomeHeroSection.jsx", "JavaScript JSX", 0, 0, 0, 0, 0, 0, 71, 0, 7, 78
"f:\My Projects\SnakrX\src\components\home\TypewriterText.jsx", "JavaScript JSX", 0, 0, 0, 0, 0, 0, 30, 0, 6, 36
"f:\My Projects\SnakrX\src\components\home\actionPanels\HomeFriendsSection.jsx", "JavaScript JSX", 0, 0, 0, 0, 0, 0, 151, 0, 13, 164
"f:\My Projects\SnakrX\src\components\home\actionPanels\HomeJourneySection.jsx", "JavaScript JSX", 0, 0, 0, 0, 0, 0, 40, 0, 3, 43
"f:\My Projects\SnakrX\src\components\home\actionPanels\HomeQuickActionsSection.jsx", "JavaScript JSX", 0, 0, 0, 0, 0, 0, 51, 0, 3, 54
"f:\My Projects\SnakrX\src\components\home\actionPanels\HomeTopPlayersSection.jsx", "JavaScript JSX", 0, 0, 0, 0, 0, 0, 55, 0, 3, 58
"f:\My Projects\SnakrX\src\components\home\homeSections.test.jsx", "JavaScript JSX", 0, 0, 0, 0, 0, 0, 72, 0, 11, 83
"f:\My Projects\SnakrX\src\components\home\homeUtils.js", "JavaScript", 89, 0, 0, 0, 0, 0, 0, 0, 13, 102
"f:\My Projects\SnakrX\src\components\home\homeUtils.test.js", "JavaScript", 67, 0, 0, 0, 0, 0, 0, 0, 10, 77
"f:\My Projects\SnakrX\src\components\landing\LandingBackground.jsx", "JavaScript JSX", 0, 0, 0, 0, 0, 0, 26, 0, 3, 29
"f:\My Projects\SnakrX\src\components\landing\LandingCtaSection.jsx", "JavaScript JSX", 0, 0, 0, 0, 0, 0, 38, 0, 3, 41
"f:\My Projects\SnakrX\src\components\landing\LandingFeaturesSection.jsx", "JavaScript JSX", 0, 0, 0, 0, 0, 0, 67, 0, 4, 71
"f:\My Projects\SnakrX\src\components\landing\LandingFooter.jsx", "JavaScript JSX", 0, 0, 0, 0, 0, 0, 42, 0, 5, 47
"f:\My Projects\SnakrX\src\components\landing\LandingHeroSection.jsx", "JavaScript JSX", 0, 0, 0, 0, 0, 0, 91, 0, 5, 96
"f:\My Projects\SnakrX\src\components\landing\LandingModesSection.jsx", "JavaScript JSX", 0, 0, 0, 0, 0, 0, 59, 0, 4, 63
"f:\My Projects\SnakrX\src\components\landing\LandingNav.jsx", "JavaScript JSX", 0, 0, 0, 0, 0, 0, 32, 0, 4, 36
"f:\My Projects\SnakrX\src\components\landing\LandingTechSection.jsx", "JavaScript JSX", 0, 0, 0, 0, 0, 0, 52, 0, 4, 56
"f:\My Projects\SnakrX\src\components\landing\landingPageData.js", "JavaScript", 97, 0, 0, 0, 0, 0, 0, 0, 5, 102
"f:\My Projects\SnakrX\src\components\layout\AppLayout.jsx", "JavaScript JSX", 0, 0, 0, 0, 0, 0, 68, 12, 9, 89
"f:\My Projects\SnakrX\src\components\layout\Footer.jsx", "JavaScript JSX", 0, 0, 0, 0, 0, 0, 51, 9, 9, 69
"f:\My Projects\SnakrX\src\components\layout\Footer.test.jsx", "JavaScript JSX", 0, 0, 0, 0, 0, 0, 19, 0, 4, 23
"f:\My Projects\SnakrX\src\components\layout\Header.jsx", "JavaScript JSX", 0, 0, 0, 0, 0, 0, 116, 0, 9, 125
"f:\My Projects\SnakrX\src\components\layout\PublicPageLayout.jsx", "JavaScript JSX", 0, 0, 0, 0, 0, 0, 23, 0, 5, 28
"f:\My Projects\SnakrX\src\components\layout\ScrollToTop.jsx", "JavaScript JSX", 0, 0, 0, 0, 0, 0, 25, 4, 7, 36
"f:\My Projects\SnakrX\src\components\layout\ScrollToTop.test.jsx", "JavaScript JSX", 0, 0, 0, 0, 0, 0, 42, 0, 8, 50
"f:\My Projects\SnakrX\src\components\layout\ScrollTopButton.jsx", "JavaScript JSX", 0, 0, 0, 0, 0, 0, 29, 0, 9, 38
"f:\My Projects\SnakrX\src\components\layout\Sidebar.jsx", "JavaScript JSX", 0, 0, 0, 0, 0, 0, 118, 0, 9, 127
"f:\My Projects\SnakrX\src\components\layout\header\HeaderNavItem.jsx", "JavaScript JSX", 0, 0, 0, 0, 0, 0, 32, 0, 4, 36
"f:\My Projects\SnakrX\src\components\layout\header\HeaderUserMenuItem.jsx", "JavaScript JSX", 0, 0, 0, 0, 0, 0, 34, 0, 4, 38
"f:\My Projects\SnakrX\src\components\layout\header\HeaderUserMenuPanel.jsx", "JavaScript JSX", 0, 0, 0, 0, 0, 0, 91, 0, 7, 98
"f:\My Projects\SnakrX\src\components\layout\header\useHeaderController.js", "JavaScript", 54, 0, 0, 0, 0, 0, 0, 0, 11, 65
"f:\My Projects\SnakrX\src\components\layout\sidebar\SidebarNavItem.jsx", "JavaScript JSX", 0, 0, 0, 0, 0, 0, 61, 0, 4, 65
"f:\My Projects\SnakrX\src\components\layout\sidebar\navigationConfig.js", "JavaScript", 62, 0, 0, 0, 0, 0, 0, 0, 4, 66
"f:\My Projects\SnakrX\src\components\layout\sidebar\sidebarMotion.js", "JavaScript", 49, 0, 0, 0, 0, 0, 0, 0, 3, 52
"f:\My Projects\SnakrX\src\components\profile\AchievementsTab.jsx", "JavaScript JSX", 0, 0, 0, 0, 0, 0, 57, 4, 5, 66
"f:\My Projects\SnakrX\src\components\profile\FriendList.jsx", "JavaScript JSX", 0, 0, 0, 0, 0, 0, 72, 1, 8, 81
"f:\My Projects\SnakrX\src\components\profile\FriendsTab.jsx", "JavaScript JSX", 0, 0, 0, 0, 0, 0, 162, 3, 13, 178
"f:\My Projects\SnakrX\src\components\profile\MatchHistoryTab.jsx", "JavaScript JSX", 0, 0, 0, 0, 0, 0, 65, 3, 5, 73
"f:\My Projects\SnakrX\src\components\profile\OverviewTab.jsx", "JavaScript JSX", 0, 0, 0, 0, 0, 0, 162, 9, 8, 179
"f:\My Projects\SnakrX\src\components\profile\ProfileHeader.jsx", "JavaScript JSX", 0, 0, 0, 0, 0, 0, 173, 3, 16, 192
"f:\My Projects\SnakrX\src\components\profile\ProfileTabs.jsx", "JavaScript JSX", 0, 0, 0, 0, 0, 0, 62, 3, 4, 69
"f:\My Projects\SnakrX\src\components\profile\SettingsTab.jsx", "JavaScript JSX", 0, 0, 0, 0, 0, 0, 183, 3, 14, 200
"f:\My Projects\SnakrX\src\components\profile\StatisticsTab.jsx", "JavaScript JSX", 0, 0, 0, 0, 0, 0, 174, 5, 8, 187
"f:\My Projects\SnakrX\src\components\profile\index.js", "JavaScript", 8, 0, 0, 0, 0, 0, 0, 4, 2, 14
"f:\My Projects\SnakrX\src\components\profile\profileHeader\ProfileHeaderIdentity.jsx", "JavaScript JSX", 0, 0, 0, 0, 0, 0, 128, 0, 8, 136
"f:\My Projects\SnakrX\src\components\profile\profileHeader\ProfileHeaderIdentity.test.jsx", "JavaScript JSX", 0, 0, 0, 0, 0, 0, 29, 0, 3, 32
"f:\My Projects\SnakrX\src\components\profile\profileHeader\ProfileHeaderLevelSummary.jsx", "JavaScript JSX", 0, 0, 0, 0, 0, 0, 36, 0, 3, 39
"f:\My Projects\SnakrX\src\components\profile\profileHeader\profileDateUtils.js", "JavaScript", 19, 0, 0, 0, 0, 0, 0, 0, 4, 23
"f:\My Projects\SnakrX\src\components\support\SupportAccountManagementSection.jsx", "JavaScript JSX", 0, 0, 0, 0, 0, 0, 40, 0, 4, 44
"f:\My Projects\SnakrX\src\components\support\SupportCategoriesSection.jsx", "JavaScript JSX", 0, 0, 0, 0, 0, 0, 72, 0, 4, 76
"f:\My Projects\SnakrX\src\components\support\SupportContactMethodsSection.jsx", "JavaScript JSX", 0, 0, 0, 0, 0, 0, 59, 0, 4, 63
"f:\My Projects\SnakrX\src\components\support\SupportEmergencyCard.jsx", "JavaScript JSX", 0, 0, 0, 0, 0, 0, 39, 0, 3, 42
"f:\My Projects\SnakrX\src\components\support\SupportPageBackground.jsx", "JavaScript JSX", 0, 0, 0, 0, 0, 0, 17, 0, 3, 20
"f:\My Projects\SnakrX\src\components\support\SupportPageHeader.jsx", "JavaScript JSX", 0, 0, 0, 0, 0, 0, 29, 0, 4, 33
"f:\My Projects\SnakrX\src\components\support\SupportRequestForm.jsx", "JavaScript JSX", 0, 0, 0, 0, 0, 0, 144, 0, 3, 147
"f:\My Projects\SnakrX\src\components\support\SupportResponseTimeCard.jsx", "JavaScript JSX", 0, 0, 0, 0, 0, 0, 24, 0, 3, 27
"f:\My Projects\SnakrX\src\components\support\SupportTicketsSection.jsx", "JavaScript JSX", 0, 0, 0, 0, 0, 0, 150, 0, 11, 161
"f:\My Projects\SnakrX\src\components\support\supportComponents.test.jsx", "JavaScript JSX", 0, 0, 0, 0, 0, 0, 15, 0, 3, 18
"f:\My Projects\SnakrX\src\components\support\supportData.js", "JavaScript", 158, 0, 0, 0, 0, 0, 0, 0, 8, 166
"f:\My Projects\SnakrX\src\components\support\supportUtils.js", "JavaScript", 22, 0, 0, 0, 0, 0, 0, 0, 5, 27
"f:\My Projects\SnakrX\src\components\ui\Button.jsx", "JavaScript JSX", 0, 0, 0, 0, 0, 0, 160, 3, 21, 184
"f:\My Projects\SnakrX\src\components\ui\Card.jsx", "JavaScript JSX", 0, 0, 0, 0, 0, 0, 4, 4, 3, 11
"f:\My Projects\SnakrX\src\components\ui\ErrorBoundary.jsx", "JavaScript JSX", 0, 0, 0, 0, 0, 0, 91, 0, 12, 103
"f:\My Projects\SnakrX\src\components\ui\ErrorBoundary.test.jsx", "JavaScript JSX", 0, 0, 0, 0, 0, 0, 66, 0, 13, 79
"f:\My Projects\SnakrX\src\components\ui\GameModeModal.jsx", "JavaScript JSX", 0, 0, 0, 0, 0, 0, 38, 0, 5, 43
"f:\My Projects\SnakrX\src\components\ui\LoadingSpinner.jsx", "JavaScript JSX", 0, 0, 0, 0, 0, 0, 146, 25, 16, 187
"f:\My Projects\SnakrX\src\components\ui\Modal.jsx", "JavaScript JSX", 0, 0, 0, 0, 0, 0, 7, 0, 3, 10
"f:\My Projects\SnakrX\src\components\ui\Select.jsx", "JavaScript JSX", 0, 0, 0, 0, 0, 0, 37, 0, 4, 41
"f:\My Projects\SnakrX\src\components\ui\SnakrXLogo.jsx", "JavaScript JSX", 0, 0, 0, 0, 0, 0, 79, 0, 6, 85
"f:\My Projects\SnakrX\src\components\ui\UserAvatar.jsx", "JavaScript JSX", 0, 0, 0, 0, 0, 0, 94, 0, 12, 106
"f:\My Projects\SnakrX\src\components\ui\card\CardBase.jsx", "JavaScript JSX", 0, 0, 0, 0, 0, 0, 67, 0, 6, 73
"f:\My Projects\SnakrX\src\components\ui\card\CardPresets.jsx", "JavaScript JSX", 0, 0, 0, 0, 0, 0, 221, 0, 16, 237
"f:\My Projects\SnakrX\src\components\ui\card\CardStructure.jsx", "JavaScript JSX", 0, 0, 0, 0, 0, 0, 25, 0, 5, 30
"f:\My Projects\SnakrX\src\components\ui\card\styles.js", "JavaScript", 75, 0, 0, 0, 0, 0, 0, 0, 5, 80
"f:\My Projects\SnakrX\src\components\ui\errorBoundary\DefaultErrorView.jsx", "JavaScript JSX", 0, 0, 0, 0, 0, 0, 147, 0, 13, 160
"f:\My Projects\SnakrX\src\components\ui\errorBoundary\errorMessages.jsx", "JavaScript JSX", 0, 0, 0, 0, 0, 0, 34, 0, 3, 37
"f:\My Projects\SnakrX\src\components\ui\errorBoundary\errorUtils.js", "JavaScript", 48, 0, 0, 0, 0, 0, 0, 0, 9, 57
"f:\My Projects\SnakrX\src\components\ui\errorBoundary\errorUtils.test.js", "JavaScript", 43, 0, 0, 0, 0, 0, 0, 0, 7, 50
"f:\My Projects\SnakrX\src\components\ui\errorBoundary\fallbackComponents.jsx", "JavaScript JSX", 0, 0, 0, 0, 0, 0, 102, 0, 9, 111
"f:\My Projects\SnakrX\src\components\ui\modal\AchievementModal.jsx", "JavaScript JSX", 0, 0, 0, 0, 0, 0, 68, 0, 7, 75
"f:\My Projects\SnakrX\src\components\ui\modal\AlertModal.jsx", "JavaScript JSX", 0, 0, 0, 0, 0, 0, 63, 0, 6, 69
"f:\My Projects\SnakrX\src\components\ui\modal\BaseModal.jsx", "JavaScript JSX", 0, 0, 0, 0, 0, 0, 113, 0, 11, 124
"f:\My Projects\SnakrX\src\components\ui\modal\ConfirmModal.jsx", "JavaScript JSX", 0, 0, 0, 0, 0, 0, 51, 0, 5, 56
"f:\My Projects\SnakrX\src\components\ui\modal\LoadingModal.jsx", "JavaScript JSX", 0, 0, 0, 0, 0, 0, 29, 0, 3, 32
"f:\My Projects\SnakrX\src\components\ui\modal\constants.js", "JavaScript", 40, 0, 0, 0, 0, 0, 0, 0, 3, 43
"f:\My Projects\SnakrX\src\components\ui\modal\useModalBehavior.js", "JavaScript", 74, 0, 0, 0, 0, 0, 0, 0, 13, 87
"f:\My Projects\SnakrX\src\data\achievements.js", "JavaScript", 189, 0, 0, 0, 0, 0, 0, 4, 24, 217
"f:\My Projects\SnakrX\src\data\achievements\foodAchievements.js", "JavaScript", 58, 0, 0, 0, 0, 0, 0, 3, 1, 62
"f:\My Projects\SnakrX\src\data\achievements\funnyAchievements.js", "JavaScript", 64, 0, 0, 0, 0, 0, 0, 3, 1, 68
"f:\My Projects\SnakrX\src\data\achievements\gameplayAchievements.js", "JavaScript", 204, 0, 0, 0, 0, 0, 0, 3, 1, 208
"f:\My Projects\SnakrX\src\data\achievements\leaderboardAchievements.js", "JavaScript", 154, 0, 0, 0, 0, 0, 0, 3, 1, 158
"f:\My Projects\SnakrX\src\data\achievements\multiplayerAchievements.js", "JavaScript", 42, 0, 0, 0, 0, 0, 0, 3, 1, 46
"f:\My Projects\SnakrX\src\data\achievements\scoreAchievements.js", "JavaScript", 86, 0, 0, 0, 0, 0, 0, 3, 1, 90
"f:\My Projects\SnakrX\src\data\achievements\skillAchievements.js", "JavaScript", 102, 0, 0, 0, 0, 0, 0, 3, 1, 106
"f:\My Projects\SnakrX\src\data\achievements\socialAchievements.js", "JavaScript", 26, 0, 0, 0, 0, 0, 0, 3, 1, 30
"f:\My Projects\SnakrX\src\data\achievements\specialAchievements.js", "JavaScript", 32, 0, 0, 0, 0, 0, 0, 3, 1, 36
"f:\My Projects\SnakrX\src\data\achievements\speedAchievements.js", "JavaScript", 58, 0, 0, 0, 0, 0, 0, 3, 1, 62
"f:\My Projects\SnakrX\src\data\achievements\streakAchievements.js", "JavaScript", 62, 0, 0, 0, 0, 0, 0, 3, 1, 66
"f:\My Projects\SnakrX\src\data\achievements\survivalAchievements.js", "JavaScript", 44, 0, 0, 0, 0, 0, 0, 3, 1, 48
"f:\My Projects\SnakrX\src\data\achievements\vsAiAchievements.js", "JavaScript", 43, 0, 0, 0, 0, 0, 0, 3, 1, 47
"f:\My Projects\SnakrX\src\hooks\achievements\context.js", "JavaScript", 9, 0, 0, 0, 0, 0, 0, 6, 4, 19
"f:\My Projects\SnakrX\src\hooks\achievements\index.js", "JavaScript", 3, 0, 0, 0, 0, 0, 0, 3, 2, 8
"f:\My Projects\SnakrX\src\hooks\achievements\operationUtils.js", "JavaScript", 106, 0, 0, 0, 0, 0, 0, 0, 20, 126
"f:\My Projects\SnakrX\src\hooks\achievements\operationUtils.test.js", "JavaScript", 52, 0, 0, 0, 0, 0, 0, 0, 10, 62
"f:\My Projects\SnakrX\src\hooks\achievements\operations.js", "JavaScript", 74, 0, 0, 0, 0, 0, 0, 7, 7, 88
"f:\My Projects\SnakrX\src\hooks\achievements\operations.test.js", "JavaScript", 101, 0, 0, 0, 0, 0, 0, 0, 18, 119
"f:\My Projects\SnakrX\src\hooks\achievements\operations\syncCollectedAchievements.js", "JavaScript", 91, 0, 0, 0, 0, 0, 0, 0, 13, 104
"f:\My Projects\SnakrX\src\hooks\achievements\operations\syncCollectedAchievements.test.js", "JavaScript", 125, 0, 0, 0, 0, 0, 0, 0, 16, 141
"f:\My Projects\SnakrX\src\hooks\achievements\operations\useAchievementCollectionOperations.js", "JavaScript", 125, 0, 0, 0, 0, 0, 0, 0, 21, 146
"f:\My Projects\SnakrX\src\hooks\achievements\operations\useAchievementCollectionOperations.test.js", "JavaScript", 116, 0, 0, 0, 0, 0, 0, 0, 18, 134
"f:\My Projects\SnakrX\src\hooks\achievements\operations\useAchievementMetricsOperations.js", "JavaScript", 98, 0, 0, 0, 0, 0, 0, 0, 17, 115
"f:\My Projects\SnakrX\src\hooks\achievements\operations\useAchievementUnlockOperations.js", "JavaScript", 63, 0, 0, 0, 0, 0, 0, 0, 11, 74
"f:\My Projects\SnakrX\src\hooks\achievements\progress.js", "JavaScript", 185, 0, 0, 0, 0, 0, 0, 1, 28, 214
"f:\My Projects\SnakrX\src\hooks\auth\auth.test.js", "JavaScript", 202, 0, 0, 0, 0, 0, 0, 0, 34, 236
"f:\My Projects\SnakrX\src\hooks\auth\authOperationErrors.js", "JavaScript", 66, 0, 0, 0, 0, 0, 0, 0, 3, 69
"f:\My Projects\SnakrX\src\hooks\auth\authOperationHelpers.js", "JavaScript", 80, 0, 0, 0, 0, 0, 0, 0, 11, 91
"f:\My Projects\SnakrX\src\hooks\auth\authOperationHelpers.test.js", "JavaScript", 105, 0, 0, 0, 0, 0, 0, 0, 12, 117
"f:\My Projects\SnakrX\src\hooks\auth\authOperations.js", "JavaScript", 141, 0, 0, 0, 0, 0, 0, 25, 17, 183
"f:\My Projects\SnakrX\src\hooks\auth\authProviderHelpers.js", "JavaScript", 94, 0, 0, 0, 0, 0, 0, 0, 14, 108
"f:\My Projects\SnakrX\src\hooks\auth\constants.js", "JavaScript", 110, 0, 0, 0, 0, 0, 0, 17, 11, 138
"f:\My Projects\SnakrX\src\hooks\auth\context.js", "JavaScript", 9, 0, 0, 0, 0, 0, 0, 8, 4, 21
"f:\My Projects\SnakrX\src\hooks\auth\index.js", "JavaScript", 6, 0, 0, 0, 0, 0, 0, 5, 3, 14
"f:\My Projects\SnakrX\src\hooks\auth\operations\profileUpdates.js", "JavaScript", 38, 0, 0, 0, 0, 0, 0, 0, 7, 45
"f:\My Projects\SnakrX\src\hooks\auth\operations\signUpWorkflow.js", "JavaScript", 27, 0, 0, 0, 0, 0, 0, 0, 5, 32
"f:\My Projects\SnakrX\src\hooks\auth\operations\usernameAvailability.js", "JavaScript", 20, 0, 0, 0, 0, 0, 0, 0, 4, 24
"f:\My Projects\SnakrX\src\hooks\auth\profileRefresh.js", "JavaScript", 29, 0, 0, 0, 0, 0, 0, 0, 6, 35
"f:\My Projects\SnakrX\src\hooks\auth\rateLimit.js", "JavaScript", 39, 0, 0, 0, 0, 0, 0, 19, 10, 68
"f:\My Projects\SnakrX\src\hooks\auth\statMath.js", "JavaScript", 75, 0, 0, 0, 0, 0, 0, 0, 19, 94
"f:\My Projects\SnakrX\src\hooks\auth\statMath.test.js", "JavaScript", 49, 0, 0, 0, 0, 0, 0, 0, 10, 59
"f:\My Projects\SnakrX\src\hooks\auth\useMountedState.js", "JavaScript", 14, 0, 0, 0, 0, 0, 0, 0, 5, 19
"f:\My Projects\SnakrX\src\hooks\auth\userStats.js", "JavaScript", 24, 0, 0, 0, 0, 0, 0, 9, 5, 38
"f:\My Projects\SnakrX\src\hooks\auth\userStats.test.js", "JavaScript", 48, 0, 0, 0, 0, 0, 0, 0, 15, 63
"f:\My Projects\SnakrX\src\hooks\friends\context.js", "JavaScript", 9, 0, 0, 0, 0, 0, 0, 0, 3, 12
"f:\My Projects\SnakrX\src\hooks\friends\friends.test.js", "JavaScript", 88, 0, 0, 0, 0, 0, 0, 6, 22, 116
"f:\My Projects\SnakrX\src\hooks\friends\relationshipState.js", "JavaScript", 64, 0, 0, 0, 0, 0, 0, 0, 12, 76
"f:\My Projects\SnakrX\src\hooks\friends\relationshipState.test.js", "JavaScript", 45, 0, 0, 0, 0, 0, 0, 0, 6, 51
"f:\My Projects\SnakrX\src\hooks\friends\useFriendActions.js", "JavaScript", 163, 0, 0, 0, 0, 0, 0, 0, 19, 182
"f:\My Projects\SnakrX\src\hooks\friends\useFriendsData.js", "JavaScript", 78, 0, 0, 0, 0, 0, 0, 0, 12, 90
"f:\My Projects\SnakrX\src\hooks\game\InputQueue.js", "JavaScript", 36, 0, 0, 0, 0, 0, 0, 0, 9, 45
"f:\My Projects\SnakrX\src\hooks\game\InputQueue.test.js", "JavaScript", 23, 0, 0, 0, 0, 0, 0, 0, 6, 29
"f:\My Projects\SnakrX\src\hooks\game\constants.js", "JavaScript", 50, 0, 0, 0, 0, 0, 0, 6, 6, 62
"f:\My Projects\SnakrX\src\hooks\game\context.js", "JavaScript", 9, 0, 0, 0, 0, 0, 0, 7, 4, 20
"f:\My Projects\SnakrX\src\hooks\game\gameActionUtils.js", "JavaScript", 74, 0, 0, 0, 0, 0, 0, 0, 20, 94
"f:\My Projects\SnakrX\src\hooks\game\gameInitialization.js", "JavaScript", 82, 0, 0, 0, 0, 0, 0, 0, 6, 88
"f:\My Projects\SnakrX\src\hooks\game\gameLogic.js", "JavaScript", 251, 0, 0, 0, 0, 0, 0, 23, 33, 307
"f:\My Projects\SnakrX\src\hooks\game\gameLogic.test.js", "JavaScript", 345, 0, 0, 0, 0, 0, 0, 3, 57, 405
"f:\My Projects\SnakrX\src\hooks\game\gameLogicHelpers.js", "JavaScript", 112, 0, 0, 0, 0, 0, 0, 0, 20, 132
"f:\My Projects\SnakrX\src\hooks\game\gamePersistenceEngine.js", "JavaScript", 87, 0, 0, 0, 0, 0, 0, 0, 14, 101
"f:\My Projects\SnakrX\src\hooks\game\gamePersistenceEngine.test.js", "JavaScript", 77, 0, 0, 0, 0, 0, 0, 0, 9, 86
"f:\My Projects\SnakrX\src\hooks\game\gameTickEngine.js", "JavaScript", 24, 0, 0, 0, 0, 0, 0, 0, 6, 30
"f:\My Projects\SnakrX\src\hooks\game\gameTickEngine.test.js", "JavaScript", 144, 0, 0, 0, 0, 0, 0, 0, 11, 155
"f:\My Projects\SnakrX\src\hooks\game\index.js", "JavaScript", 14, 0, 0, 0, 0, 0, 0, 5, 3, 22
"f:\My Projects\SnakrX\src\hooks\game\inputConfig.js", "JavaScript", 61, 0, 0, 0, 0, 0, 0, 0, 4, 65
"f:\My Projects\SnakrX\src\hooks\game\inputConfig.test.js", "JavaScript", 16, 0, 0, 0, 0, 0, 0, 0, 3, 19
"f:\My Projects\SnakrX\src\hooks\game\multiplayer.test.js", "JavaScript", 69, 0, 0, 0, 0, 0, 0, 13, 18, 100
"f:\My Projects\SnakrX\src\hooks\game\progress.js", "JavaScript", 40, 0, 0, 0, 0, 0, 0, 0, 7, 47
"f:\My Projects\SnakrX\src\hooks\game\progress.test.js", "JavaScript", 63, 0, 0, 0, 0, 0, 0, 0, 10, 73
"f:\My Projects\SnakrX\src\hooks\game\runtimeRefs.js", "JavaScript", 21, 0, 0, 0, 0, 0, 0, 0, 2, 23
"f:\My Projects\SnakrX\src\hooks\game\sessionPersistence.js", "JavaScript", 16, 0, 0, 0, 0, 0, 0, 0, 1, 17
"f:\My Projects\SnakrX\src\hooks\game\sessionPersistence.test.js", "JavaScript", 317, 0, 0, 0, 0, 0, 0, 0, 24, 341
"f:\My Projects\SnakrX\src\hooks\game\sessionPersistence\achievementStats.js", "JavaScript", 57, 0, 0, 0, 0, 0, 0, 0, 1, 58
"f:\My Projects\SnakrX\src\hooks\game\sessionPersistence\modeAndWeek.js", "JavaScript", 43, 0, 0, 0, 0, 0, 0, 0, 11, 54
"f:\My Projects\SnakrX\src\hooks\game\sessionPersistence\rankUpdates.js", "JavaScript", 43, 0, 0, 0, 0, 0, 0, 0, 6, 49
"f:\My Projects\SnakrX\src\hooks\game\sessionPersistence\sessionData.js", "JavaScript", 53, 0, 0, 0, 0, 0, 0, 0, 4, 57
"f:\My Projects\SnakrX\src\hooks\game\sessionPersistence\statUpdates.js", "JavaScript", 132, 0, 0, 0, 0, 0, 0, 0, 18, 150
"f:\My Projects\SnakrX\src\hooks\game\tickEngine\foodState.js", "JavaScript", 90, 0, 0, 0, 0, 0, 0, 0, 15, 105
"f:\My Projects\SnakrX\src\hooks\game\tickEngine\outcome.js", "JavaScript", 19, 0, 0, 0, 0, 0, 0, 0, 6, 25
"f:\My Projects\SnakrX\src\hooks\game\tickEngine\stateUpdates.js", "JavaScript", 129, 0, 0, 0, 0, 0, 0, 0, 20, 149
"f:\My Projects\SnakrX\src\hooks\game\useGameActions.js", "JavaScript", 215, 0, 0, 0, 0, 0, 0, 0, 30, 245
"f:\My Projects\SnakrX\src\hooks\game\useGameActions.test.js", "JavaScript", 146, 0, 0, 0, 0, 0, 0, 0, 30, 176
"f:\My Projects\SnakrX\src\hooks\game\useGameAutoSaveEffect.js", "JavaScript", 39, 0, 0, 0, 0, 0, 0, 0, 7, 46
"f:\My Projects\SnakrX\src\hooks\game\useGameAutoSaveEffect.test.js", "JavaScript", 72, 0, 0, 0, 0, 0, 0, 0, 18, 90
"f:\My Projects\SnakrX\src\hooks\game\useGameLoopLifecycleEffect.js", "JavaScript", 32, 0, 0, 0, 0, 0, 0, 0, 4, 36
"f:\My Projects\SnakrX\src\hooks\game\useGamePersistence.js", "JavaScript", 36, 0, 0, 0, 0, 0, 0, 0, 5, 41
"f:\My Projects\SnakrX\src\hooks\game\useGameRuntimeState.js", "JavaScript", 62, 0, 0, 0, 0, 0, 0, 0, 8, 70
"f:\My Projects\SnakrX\src\hooks\game\useGameTickController.js", "JavaScript", 137, 0, 0, 0, 0, 0, 0, 0, 20, 157
"f:\My Projects\SnakrX\src\hooks\game\useKeyboardInputHandlers.js", "JavaScript", 130, 0, 0, 0, 0, 0, 0, 0, 22, 152
"f:\My Projects\SnakrX\src\hooks\game\useTouchInputHandlers.js", "JavaScript", 96, 0, 0, 0, 0, 0, 0, 0, 23, 119
"f:\My Projects\SnakrX\src\hooks\leaderboard\constants.js", "JavaScript", 28, 0, 0, 0, 0, 0, 0, 0, 5, 33
"f:\My Projects\SnakrX\src\hooks\leaderboard\useTrackedLeaderboardRequests.js", "JavaScript", 63, 0, 0, 0, 0, 0, 0, 0, 14, 77
"f:\My Projects\SnakrX\src\hooks\useAchievements.js", "JavaScript", 152, 0, 0, 0, 0, 0, 0, 11, 31, 194
"f:\My Projects\SnakrX\src\hooks\useAchievements.test.jsx", "JavaScript JSX", 0, 0, 0, 0, 0, 0, 65, 0, 9, 74
"f:\My Projects\SnakrX\src\hooks\useAuth.js", "JavaScript", 142, 0, 0, 0, 0, 0, 0, 12, 20, 174
"f:\My Projects\SnakrX\src\hooks\useAuth.test.jsx", "JavaScript JSX", 0, 0, 0, 0, 0, 0, 188, 0, 31, 219
"f:\My Projects\SnakrX\src\hooks\useFriends.js", "JavaScript", 84, 0, 0, 0, 0, 0, 0, 0, 9, 93
"f:\My Projects\SnakrX\src\hooks\useFriends.test.js", "JavaScript", 115, 0, 0, 0, 0, 0, 0, 0, 22, 137
"f:\My Projects\SnakrX\src\hooks\useGame.js", "JavaScript", 144, 0, 0, 0, 0, 0, 0, 4, 13, 161
"f:\My Projects\SnakrX\src\hooks\useGameInput.js", "JavaScript", 186, 0, 0, 0, 0, 0, 0, 4, 21, 211
"f:\My Projects\SnakrX\src\hooks\useGameInput.test.js", "JavaScript", 139, 0, 0, 0, 0, 0, 0, 0, 31, 170
"f:\My Projects\SnakrX\src\hooks\useLeaderboard.js", "JavaScript", 181, 0, 0, 0, 0, 0, 0, 40, 42, 263
"f:\My Projects\SnakrX\src\hooks\useLeaderboard.test.js", "JavaScript", 116, 0, 0, 0, 0, 0, 0, 0, 28, 144
"f:\My Projects\SnakrX\src\main.jsx", "JavaScript JSX", 0, 0, 0, 0, 0, 0, 22, 0, 3, 25
"f:\My Projects\SnakrX\src\pages\AchievementsPage.jsx", "JavaScript JSX", 0, 0, 0, 0, 0, 0, 151, 0, 13, 164
"f:\My Projects\SnakrX\src\pages\AchievementsPage.test.jsx", "JavaScript JSX", 0, 0, 0, 0, 0, 0, 375, 0, 33, 408
"f:\My Projects\SnakrX\src\pages\FriendsPage.jsx", "JavaScript JSX", 0, 0, 0, 0, 0, 0, 29, 0, 6, 35
"f:\My Projects\SnakrX\src\pages\HelpPage.jsx", "JavaScript JSX", 0, 0, 0, 0, 0, 0, 47, 0, 9, 56
"f:\My Projects\SnakrX\src\pages\HomePage.jsx", "JavaScript JSX", 0, 0, 0, 0, 0, 0, 115, 4, 9, 128
"f:\My Projects\SnakrX\src\pages\LandingPage.jsx", "JavaScript JSX", 0, 0, 0, 0, 0, 0, 41, 0, 7, 48
"f:\My Projects\SnakrX\src\pages\LandingPage.test.jsx", "JavaScript JSX", 0, 0, 0, 0, 0, 0, 19, 0, 4, 23
"f:\My Projects\SnakrX\src\pages\LeaderboardPage.jsx", "JavaScript JSX", 0, 0, 0, 0, 0, 0, 60, 0, 4, 64
"f:\My Projects\SnakrX\src\pages\LeaderboardPage.test.jsx", "JavaScript JSX", 0, 0, 0, 0, 0, 0, 165, 0, 26, 191
"f:\My Projects\SnakrX\src\pages\ProfilePage.jsx", "JavaScript JSX", 0, 0, 0, 0, 0, 0, 172, 13, 23, 208
"f:\My Projects\SnakrX\src\pages\PublicProfilePage.jsx", "JavaScript JSX", 0, 0, 0, 0, 0, 0, 76, 0, 8, 84
"f:\My Projects\SnakrX\src\pages\PublicProfilePage.test.jsx", "JavaScript JSX", 0, 0, 0, 0, 0, 0, 117, 0, 15, 132
"f:\My Projects\SnakrX\src\pages\achievements\achievementCategoryIcons.jsx", "JavaScript JSX", 0, 0, 0, 0, 0, 0, 27, 0, 3, 30
"f:\My Projects\SnakrX\src\pages\achievements\controller\useAchievementCollectionState.js", "JavaScript", 59, 0, 0, 0, 0, 0, 0, 0, 13, 72
"f:\My Projects\SnakrX\src\pages\achievements\controller\useAchievementFilters.js", "JavaScript", 35, 0, 0, 0, 0, 0, 0, 0, 7, 42
"f:\My Projects\SnakrX\src\pages\achievements\controller\useAchievementSelectionState.js", "JavaScript", 118, 0, 0, 0, 0, 0, 0, 0, 24, 142
"f:\My Projects\SnakrX\src\pages\achievements\useAchievementsPageController.js", "JavaScript", 187, 0, 0, 0, 0, 0, 0, 0, 14, 201
"f:\My Projects\SnakrX\src\pages\admin\AdminPage.jsx", "JavaScript JSX", 0, 0, 0, 0, 0, 0, 145, 11, 16, 172
"f:\My Projects\SnakrX\src\pages\admin\AdminPage.test.jsx", "JavaScript JSX", 0, 0, 0, 0, 0, 0, 77, 0, 13, 90
"f:\My Projects\SnakrX\src\pages\admin\useAdminDataController.js", "JavaScript", 176, 0, 0, 0, 0, 0, 0, 0, 21, 197
"f:\My Projects\SnakrX\src\pages\auth\ForgotPasswordPage.jsx", "JavaScript JSX", 0, 0, 0, 0, 0, 0, 114, 4, 13, 131
"f:\My Projects\SnakrX\src\pages\auth\LoginPage.jsx", "JavaScript JSX", 0, 0, 0, 0, 0, 0, 122, 0, 16, 138
"f:\My Projects\SnakrX\src\pages\auth\RegisterPage.jsx", "JavaScript JSX", 0, 0, 0, 0, 0, 0, 97, 0, 9, 106
"f:\My Projects\SnakrX\src\pages\auth\authPages.test.jsx", "JavaScript JSX", 0, 0, 0, 0, 0, 0, 129, 0, 23, 152
"f:\My Projects\SnakrX\src\pages\auth\register\flow\registerFlowState.js", "JavaScript", 12, 0, 0, 0, 0, 0, 0, 0, 2, 14
"f:\My Projects\SnakrX\src\pages\auth\register\flow\useRegisterOtpState.js", "JavaScript", 78, 0, 0, 0, 0, 0, 0, 0, 10, 88
"f:\My Projects\SnakrX\src\pages\auth\register\flow\useUsernameAvailability.js", "JavaScript", 41, 0, 0, 0, 0, 0, 0, 0, 8, 49
"f:\My Projects\SnakrX\src\pages\auth\register\registerFlowValidation.js", "JavaScript", 38, 0, 0, 0, 0, 0, 0, 0, 8, 46
"f:\My Projects\SnakrX\src\pages\auth\register\registerFlowValidation.test.js", "JavaScript", 48, 0, 0, 0, 0, 0, 0, 0, 6, 54
"f:\My Projects\SnakrX\src\pages\auth\register\useRegisterFlow.js", "JavaScript", 151, 0, 0, 0, 0, 0, 0, 0, 20, 171
"f:\My Projects\SnakrX\src\pages\game\Game.jsx", "JavaScript JSX", 0, 0, 0, 0, 0, 0, 94, 0, 10, 104
"f:\My Projects\SnakrX\src\pages\game\Game.test.jsx", "JavaScript JSX", 0, 0, 0, 0, 0, 0, 146, 0, 20, 166
"f:\My Projects\SnakrX\src\pages\game\GamePage.jsx", "JavaScript JSX", 0, 0, 0, 0, 0, 0, 192, 0, 21, 213
"f:\My Projects\SnakrX\src\pages\game\GamePage.test.jsx", "JavaScript JSX", 0, 0, 0, 0, 0, 0, 103, 0, 21, 124
"f:\My Projects\SnakrX\src\pages\game\effects\useGameInitializationEffect.js", "JavaScript", 39, 0, 0, 0, 0, 0, 0, 0, 2, 41
"f:\My Projects\SnakrX\src\pages\game\effects\useGameInitializationEffect.test.js", "JavaScript", 63, 0, 0, 0, 0, 0, 0, 0, 13, 76
"f:\My Projects\SnakrX\src\pages\game\effects\useGameSessionGuardEffects.js", "JavaScript", 103, 0, 0, 0, 0, 0, 0, 0, 16, 119
"f:\My Projects\SnakrX\src\pages\game\effects\useGameSessionGuardEffects.test.js", "JavaScript", 88, 0, 0, 0, 0, 0, 0, 0, 17, 105
"f:\My Projects\SnakrX\src\pages\game\effects\useGameUiEffects.desktop.test.js", "JavaScript", 41, 0, 0, 0, 0, 0, 0, 0, 8, 49
"f:\My Projects\SnakrX\src\pages\game\effects\useGameUiEffects.js", "JavaScript", 99, 0, 0, 0, 0, 0, 0, 0, 15, 114
"f:\My Projects\SnakrX\src\pages\game\effects\useGameUiEffects.test.js", "JavaScript", 128, 0, 0, 0, 0, 0, 0, 0, 25, 153
"f:\My Projects\SnakrX\src\pages\game\effects\useMultiplayerLifecycleEffects.js", "JavaScript", 46, 0, 0, 0, 0, 0, 0, 0, 5, 51
"f:\My Projects\SnakrX\src\pages\game\effects\useMultiplayerLifecycleEffects.test.js", "JavaScript", 91, 0, 0, 0, 0, 0, 0, 0, 12, 103
"f:\My Projects\SnakrX\src\pages\game\gamePageControllerViewModel.js", "JavaScript", 103, 0, 0, 0, 0, 0, 0, 0, 3, 106
"f:\My Projects\SnakrX\src\pages\game\gameSessionUtils.js", "JavaScript", 69, 0, 0, 0, 0, 0, 0, 0, 13, 82
"f:\My Projects\SnakrX\src\pages\game\gameSessionUtils.test.js", "JavaScript", 76, 0, 0, 0, 0, 0, 0, 0, 9, 85
"f:\My Projects\SnakrX\src\pages\game\hooks\useGameExitHandlers.js", "JavaScript", 76, 0, 0, 0, 0, 0, 0, 0, 11, 87
"f:\My Projects\SnakrX\src\pages\game\hooks\useGameExitHandlers.test.js", "JavaScript", 115, 0, 0, 0, 0, 0, 0, 0, 21, 136
"f:\My Projects\SnakrX\src\pages\game\hooks\useGameMultiplayerHandlers.js", "JavaScript", 40, 0, 0, 0, 0, 0, 0, 0, 8, 48
"f:\My Projects\SnakrX\src\pages\game\hooks\useGameMultiplayerHandlers.test.js", "JavaScript", 55, 0, 0, 0, 0, 0, 0, 0, 11, 66
"f:\My Projects\SnakrX\src\pages\game\hooks\useGamePageInputHandlers.js", "JavaScript", 46, 0, 0, 0, 0, 0, 0, 0, 5, 51
"f:\My Projects\SnakrX\src\pages\game\hooks\useGamePageSessionState.js", "JavaScript", 80, 0, 0, 0, 0, 0, 0, 0, 4, 84
"f:\My Projects\SnakrX\src\pages\game\hooks\useGameUiState.js", "JavaScript", 67, 0, 0, 0, 0, 0, 0, 0, 7, 74
"f:\My Projects\SnakrX\src\pages\game\hooks\useGameUiState.test.js", "JavaScript", 103, 0, 0, 0, 0, 0, 0, 0, 17, 120
"f:\My Projects\SnakrX\src\pages\game\hooks\useResolvedGameSessionState.js", "JavaScript", 68, 0, 0, 0, 0, 0, 0, 0, 5, 73
"f:\My Projects\SnakrX\src\pages\game\useGameLifecycleEffects.js", "JavaScript", 84, 0, 0, 0, 0, 0, 0, 0, 5, 89
"f:\My Projects\SnakrX\src\pages\game\useGameLifecycleEffects.test.js", "JavaScript", 82, 0, 0, 0, 0, 0, 0, 0, 10, 92
"f:\My Projects\SnakrX\src\pages\game\useGamePageController.js", "JavaScript", 211, 0, 0, 0, 0, 0, 0, 0, 7, 218
"f:\My Projects\SnakrX\src\pages\game\useGamePageController.test.js", "JavaScript", 197, 0, 0, 0, 0, 0, 0, 0, 28, 225
"f:\My Projects\SnakrX\src\pages\home\homeConstants.js", "JavaScript", 6, 0, 0, 0, 0, 0, 0, 0, 1, 7
"f:\My Projects\SnakrX\src\pages\home\useHomePageController.js", "JavaScript", 178, 0, 0, 0, 0, 0, 0, 0, 27, 205
"f:\My Projects\SnakrX\src\pages\leaderboard\LeaderboardEntriesSection.jsx", "JavaScript JSX", 0, 0, 0, 0, 0, 0, 151, 0, 4, 155
"f:\My Projects\SnakrX\src\pages\leaderboard\LeaderboardFiltersSection.jsx", "JavaScript JSX", 0, 0, 0, 0, 0, 0, 58, 0, 4, 62
"f:\My Projects\SnakrX\src\pages\leaderboard\LeaderboardPageHeader.jsx", "JavaScript JSX", 0, 0, 0, 0, 0, 0, 14, 0, 3, 17
"f:\My Projects\SnakrX\src\pages\leaderboard\LeaderboardStatsSection.jsx", "JavaScript JSX", 0, 0, 0, 0, 0, 0, 27, 0, 3, 30
"f:\My Projects\SnakrX\src\pages\leaderboard\leaderboardConfig.js", "JavaScript", 27, 0, 0, 0, 0, 0, 0, 0, 5, 32
"f:\My Projects\SnakrX\src\pages\leaderboard\leaderboardConfig.test.js", "JavaScript", 24, 0, 0, 0, 0, 0, 0, 0, 6, 30
"f:\My Projects\SnakrX\src\pages\leaderboard\useLeaderboardController.js", "JavaScript", 136, 0, 0, 0, 0, 0, 0, 0, 21, 157
"f:\My Projects\SnakrX\src\pages\legal\PrivacyPage.jsx", "JavaScript JSX", 0, 0, 0, 0, 0, 0, 32, 0, 7, 39
"f:\My Projects\SnakrX\src\pages\legal\PrivacyPage.test.jsx", "JavaScript JSX", 0, 0, 0, 0, 0, 0, 16, 0, 4, 20
"f:\My Projects\SnakrX\src\pages\legal\SupportPage.jsx", "JavaScript JSX", 0, 0, 0, 0, 0, 0, 103, 4, 5, 112
"f:\My Projects\SnakrX\src\pages\legal\SupportPage.test.jsx", "JavaScript JSX", 0, 0, 0, 0, 0, 0, 152, 0, 35, 187
"f:\My Projects\SnakrX\src\pages\legal\TermsPage.jsx", "JavaScript JSX", 0, 0, 0, 0, 0, 0, 112, 0, 8, 120
"f:\My Projects\SnakrX\src\pages\legal\privacy\PrivacyAnimatedBackground.jsx", "JavaScript JSX", 0, 0, 0, 0, 0, 0, 17, 0, 3, 20
"f:\My Projects\SnakrX\src\pages\legal\privacy\PrivacyFooterCards.jsx", "JavaScript JSX", 0, 0, 0, 0, 0, 0, 66, 0, 5, 71
"f:\My Projects\SnakrX\src\pages\legal\privacy\PrivacyHeader.jsx", "JavaScript JSX", 0, 0, 0, 0, 0, 0, 37, 0, 4, 41
"f:\My Projects\SnakrX\src\pages\legal\privacy\PrivacyQuickSummaryCard.jsx", "JavaScript JSX", 0, 0, 0, 0, 0, 0, 26, 0, 3, 29
"f:\My Projects\SnakrX\src\pages\legal\privacy\PrivacySectionsList.jsx", "JavaScript JSX", 0, 0, 0, 0, 0, 0, 41, 0, 5, 46
"f:\My Projects\SnakrX\src\pages\legal\privacy\privacyContent.js", "JavaScript", 156, 0, 0, 0, 0, 0, 0, 0, 4, 160
"f:\My Projects\SnakrX\src\pages\legal\privacy\privacyIconMap.js", "JavaScript", 10, 0, 0, 0, 0, 0, 0, 0, 3, 13
"f:\My Projects\SnakrX\src\pages\legal\support\supportContactActions.js", "JavaScript", 13, 0, 0, 0, 0, 0, 0, 0, 4, 17
"f:\My Projects\SnakrX\src\pages\legal\support\supportFormState.js", "JavaScript", 29, 0, 0, 0, 0, 0, 0, 0, 4, 33
"f:\My Projects\SnakrX\src\pages\legal\support\useSupportPageController.js", "JavaScript", 133, 0, 0, 0, 0, 0, 0, 0, 16, 149
"f:\My Projects\SnakrX\src\pages\legal\support\useSupportTicketState.js", "JavaScript", 76, 0, 0, 0, 0, 0, 0, 0, 14, 90
"f:\My Projects\SnakrX\src\pages\legal\terms\TermsSectionsList.jsx", "JavaScript JSX", 0, 0, 0, 0, 0, 0, 44, 0, 5, 49
"f:\My Projects\SnakrX\src\pages\legal\terms\TermsSupplementaryCards.jsx", "JavaScript JSX", 0, 0, 0, 0, 0, 0, 93, 0, 6, 99
"f:\My Projects\SnakrX\src\pages\legal\terms\termsContent.js", "JavaScript", 202, 0, 0, 0, 0, 0, 0, 0, 3, 205
"f:\My Projects\SnakrX\src\pages\publicProfile\PublicProfileAchievementSummary.jsx", "JavaScript JSX", 0, 0, 0, 0, 0, 0, 25, 0, 3, 28
"f:\My Projects\SnakrX\src\pages\publicProfile\PublicProfileCoreStats.jsx", "JavaScript JSX", 0, 0, 0, 0, 0, 0, 35, 0, 3, 38
"f:\My Projects\SnakrX\src\pages\publicProfile\PublicProfileHeroCard.jsx", "JavaScript JSX", 0, 0, 0, 0, 0, 0, 50, 0, 3, 53
"f:\My Projects\SnakrX\src\pages\publicProfile\PublicProfileMembershipPanels.jsx", "JavaScript JSX", 0, 0, 0, 0, 0, 0, 49, 0, 4, 53
"f:\My Projects\SnakrX\src\pages\publicProfile\PublicProfileNotFound.jsx", "JavaScript JSX", 0, 0, 0, 0, 0, 0, 16, 0, 3, 19
"f:\My Projects\SnakrX\src\pages\publicProfile\PublicProfileRecentMatches.jsx", "JavaScript JSX", 0, 0, 0, 0, 0, 0, 30, 0, 3, 33
"f:\My Projects\SnakrX\src\pages\publicProfile\publicProfileUtils.js", "JavaScript", 46, 0, 0, 0, 0, 0, 0, 0, 8, 54
"f:\My Projects\SnakrX\src\pages\publicProfile\publicProfileUtils.test.js", "JavaScript", 42, 0, 0, 0, 0, 0, 0, 0, 9, 51
"f:\My Projects\SnakrX\src\pages\publicProfile\usePublicProfileController.js", "JavaScript", 133, 0, 0, 0, 0, 0, 0, 0, 14, 147
"f:\My Projects\SnakrX\src\services\firebase\achievements.js", "JavaScript", 33, 0, 0, 0, 0, 0, 0, 0, 9, 42
"f:\My Projects\SnakrX\src\services\firebase\achievementsService.test.js", "JavaScript", 50, 0, 0, 0, 0, 0, 0, 0, 10, 60
"f:\My Projects\SnakrX\src\services\firebase\admin.js", "JavaScript", 62, 0, 0, 0, 0, 0, 0, 0, 9, 71
"f:\My Projects\SnakrX\src\services\firebase\admin.test.js", "JavaScript", 58, 0, 0, 0, 0, 0, 0, 0, 14, 72
"f:\My Projects\SnakrX\src\services\firebase\avatarValidation.js", "JavaScript", 16, 0, 0, 0, 0, 0, 0, 0, 3, 19
"f:\My Projects\SnakrX\src\services\firebase\config.js", "JavaScript", 100, 0, 0, 0, 0, 0, 0, 17, 18, 135
"f:\My Projects\SnakrX\src\services\firebase\emailOtp.js", "JavaScript", 79, 0, 0, 0, 0, 0, 0, 3, 13, 95
"f:\My Projects\SnakrX\src\services\firebase\emailOtp.test.js", "JavaScript", 64, 0, 0, 0, 0, 0, 0, 0, 16, 80
"f:\My Projects\SnakrX\src\services\firebase\emailRegistration.js", "JavaScript", 91, 0, 0, 0, 0, 0, 0, 0, 19, 110
"f:\My Projects\SnakrX\src\services\firebase\emailRegistration.test.js", "JavaScript", 75, 0, 0, 0, 0, 0, 0, 0, 11, 86
"f:\My Projects\SnakrX\src\services\firebase\firestore.js", "JavaScript", 79, 0, 0, 0, 0, 0, 0, 17, 17, 113
"f:\My Projects\SnakrX\src\services\firebase\firestore.test.js", "JavaScript", 51, 0, 0, 0, 0, 0, 0, 0, 15, 66
"f:\My Projects\SnakrX\src\services\firebase\friendStats.js", "JavaScript", 18, 0, 0, 0, 0, 0, 0, 0, 6, 24
"f:\My Projects\SnakrX\src\services\firebase\friendStats.test.js", "JavaScript", 33, 0, 0, 0, 0, 0, 0, 0, 10, 43
"f:\My Projects\SnakrX\src\services\firebase\friends.js", "JavaScript", 18, 0, 0, 0, 0, 0, 0, 4, 3, 25
"f:\My Projects\SnakrX\src\services\firebase\friends.test.js", "JavaScript", 238, 0, 0, 0, 0, 0, 0, 0, 40, 278
"f:\My Projects\SnakrX\src\services\firebase\friends\helpers.js", "JavaScript", 39, 0, 0, 0, 0, 0, 0, 0, 7, 46
"f:\My Projects\SnakrX\src\services\firebase\friends\mutations.js", "JavaScript", 79, 0, 0, 0, 0, 0, 0, 0, 16, 95
"f:\My Projects\SnakrX\src\services\firebase\friends\queries.js", "JavaScript", 88, 0, 0, 0, 0, 0, 0, 0, 8, 96
"f:\My Projects\SnakrX\src\services\firebase\friends\realtime.js", "JavaScript", 27, 0, 0, 0, 0, 0, 0, 0, 4, 31
"f:\My Projects\SnakrX\src\services\firebase\game.js", "JavaScript", 149, 0, 0, 0, 0, 0, 0, 4, 25, 178
"f:\My Projects\SnakrX\src\services\firebase\game.test.js", "JavaScript", 258, 0, 0, 0, 0, 0, 0, 0, 44, 302
"f:\My Projects\SnakrX\src\services\firebase\index.js", "JavaScript", 49, 0, 0, 0, 0, 0, 0, 14, 11, 74
"f:\My Projects\SnakrX\src\services\firebase\leaderboard.js", "JavaScript", 67, 0, 0, 0, 0, 0, 0, 0, 10, 77
"f:\My Projects\SnakrX\src\services\firebase\leaderboard.test.js", "JavaScript", 262, 0, 0, 0, 0, 0, 0, 0, 37, 299
"f:\My Projects\SnakrX\src\services\firebase\leaderboardHelpers.js", "JavaScript", 102, 0, 0, 0, 0, 0, 0, 0, 19, 121
"f:\My Projects\SnakrX\src\services\firebase\leaderboard\profileLeaderboards.js", "JavaScript", 115, 0, 0, 0, 0, 0, 0, 0, 12, 127
"f:\My Projects\SnakrX\src\services\firebase\leaderboard\shared.js", "JavaScript", 71, 0, 0, 0, 0, 0, 0, 0, 11, 82
"f:\My Projects\SnakrX\src\services\firebase\leaderboard\standardLeaderboards.js", "JavaScript", 108, 0, 0, 0, 0, 0, 0, 0, 12, 120
"f:\My Projects\SnakrX\src\services\firebase\leaderboard\updateLeaderboard.js", "JavaScript", 27, 0, 0, 0, 0, 0, 0, 0, 6, 33
"f:\My Projects\SnakrX\src\services\firebase\profileAvatar.js", "JavaScript", 59, 0, 0, 0, 0, 0, 0, 0, 14, 73
"f:\My Projects\SnakrX\src\services\firebase\profileAvatar.test.js", "JavaScript", 84, 0, 0, 0, 0, 0, 0, 0, 18, 102
"f:\My Projects\SnakrX\src\services\firebase\publicProfileStats.js", "JavaScript", 39, 0, 0, 0, 0, 0, 0, 0, 4, 43
"f:\My Projects\SnakrX\src\services\firebase\publicProfileStats.test.js", "JavaScript", 71, 0, 0, 0, 0, 0, 0, 0, 5, 76
"f:\My Projects\SnakrX\src\services\firebase\storageBucket.js", "JavaScript", 14, 0, 0, 0, 0, 0, 0, 0, 5, 19
"f:\My Projects\SnakrX\src\services\firebase\storageBucket.test.js", "JavaScript", 13, 0, 0, 0, 0, 0, 0, 0, 4, 17
"f:\My Projects\SnakrX\src\services\firebase\support.js", "JavaScript", 18, 0, 0, 0, 0, 0, 0, 0, 2, 20
"f:\My Projects\SnakrX\src\services\firebase\support.test.js", "JavaScript", 195, 0, 0, 0, 0, 0, 0, 0, 25, 220
"f:\My Projects\SnakrX\src\services\firebase\supportAttachments.js", "JavaScript", 116, 0, 0, 0, 0, 0, 0, 0, 22, 138
"f:\My Projects\SnakrX\src\services\firebase\supportAttachments.test.js", "JavaScript", 82, 0, 0, 0, 0, 0, 0, 0, 10, 92
"f:\My Projects\SnakrX\src\services\firebase\support\callables.js", "JavaScript", 29, 0, 0, 0, 0, 0, 0, 0, 6, 35
"f:\My Projects\SnakrX\src\services\firebase\support\mutations.js", "JavaScript", 73, 0, 0, 0, 0, 0, 0, 0, 8, 81
"f:\My Projects\SnakrX\src\services\firebase\support\normalize.js", "JavaScript", 17, 0, 0, 0, 0, 0, 0, 0, 4, 21
"f:\My Projects\SnakrX\src\services\firebase\support\queries.js", "JavaScript", 41, 0, 0, 0, 0, 0, 0, 0, 6, 47
"f:\My Projects\SnakrX\src\services\firebase\support\realtime.js", "JavaScript", 36, 0, 0, 0, 0, 0, 0, 0, 4, 40
"f:\My Projects\SnakrX\src\styles\index.css", "PostCSS", 0, 0, 0, 0, 140, 0, 0, 15, 28, 183
"f:\My Projects\SnakrX\src\test\setup.js", "JavaScript", 213, 0, 0, 0, 0, 0, 0, 14, 23, 250
"f:\My Projects\SnakrX\src\utils\ai.test.js", "JavaScript", 132, 0, 0, 0, 0, 0, 0, 13, 32, 177
"f:\My Projects\SnakrX\src\utils\aiPathfinding.js", "JavaScript", 11, 0, 0, 0, 0, 0, 0, 4, 4, 19
"f:\My Projects\SnakrX\src\utils\ai\AIController.js", "JavaScript", 41, 0, 0, 0, 0, 0, 0, 0, 12, 53
"f:\My Projects\SnakrX\src\utils\ai\AIStrategy.js", "JavaScript", 103, 0, 0, 0, 0, 0, 0, 0, 22, 125
"f:\My Projects\SnakrX\src\utils\ai\AStarPathfinder.js", "JavaScript", 87, 0, 0, 0, 0, 0, 0, 0, 23, 110
"f:\My Projects\SnakrX\src\utils\ai\strategyCore.js", "JavaScript", 270, 0, 0, 0, 0, 0, 0, 0, 46, 316
"f:\My Projects\SnakrX\src\utils\ai\strategyDecisions.js", "JavaScript", 209, 0, 0, 0, 0, 0, 0, 0, 46, 255
"f:\My Projects\SnakrX\src\utils\ai\strategySettings.js", "JavaScript", 33, 0, 0, 0, 0, 0, 0, 0, 1, 34
"f:\My Projects\SnakrX\src\utils\bodyScrollLock.js", "JavaScript", 50, 0, 0, 0, 0, 0, 0, 0, 14, 64
"f:\My Projects\SnakrX\src\utils\bodyScrollLock.test.js", "JavaScript", 30, 0, 0, 0, 0, 0, 0, 0, 8, 38
"f:\My Projects\SnakrX\src\utils\experience.js", "JavaScript", 83, 0, 0, 0, 0, 0, 0, 0, 13, 96
"f:\My Projects\SnakrX\src\utils\experience.test.js", "JavaScript", 46, 0, 0, 0, 0, 0, 0, 0, 8, 54
"f:\My Projects\SnakrX\src\utils\gamePreferences.js", "JavaScript", 81, 0, 0, 0, 0, 0, 0, 1, 17, 99
"f:\My Projects\SnakrX\src\utils\gamePreferences.test.js", "JavaScript", 62, 0, 0, 0, 0, 0, 0, 0, 9, 71
"f:\My Projects\SnakrX\src\utils\gameUtils.js", "JavaScript", 32, 0, 0, 0, 0, 0, 0, 4, 4, 40
"f:\My Projects\SnakrX\src\utils\gameUtils.test.js", "JavaScript", 206, 0, 0, 0, 0, 0, 0, 5, 35, 246
"f:\My Projects\SnakrX\src\utils\game\collision.js", "JavaScript", 60, 0, 0, 0, 0, 0, 0, 0, 8, 68
"f:\My Projects\SnakrX\src\utils\game\constants.js", "JavaScript", 109, 0, 0, 0, 0, 0, 0, 0, 11, 120
"f:\My Projects\SnakrX\src\utils\game\deviceAndGeneral.js", "JavaScript", 52, 0, 0, 0, 0, 0, 0, 0, 8, 60
"f:\My Projects\SnakrX\src\utils\game\direction.js", "JavaScript", 25, 0, 0, 0, 0, 0, 0, 0, 3, 28
"f:\My Projects\SnakrX\src\utils\game\food.js", "JavaScript", 160, 0, 0, 0, 0, 0, 0, 0, 29, 189
"f:\My Projects\SnakrX\src\utils\game\formatters.js", "JavaScript", 44, 0, 0, 0, 0, 0, 0, 0, 5, 49
"f:\My Projects\SnakrX\src\utils\game\mode.js", "JavaScript", 37, 0, 0, 0, 0, 0, 0, 0, 7, 44
"f:\My Projects\SnakrX\src\utils\game\position.js", "JavaScript", 55, 0, 0, 0, 0, 0, 0, 0, 9, 64
"f:\My Projects\SnakrX\src\utils\game\spawn.js", "JavaScript", 63, 0, 0, 0, 0, 0, 0, 0, 5, 68
"f:\My Projects\SnakrX\src\utils\game\speed.js", "JavaScript", 63, 0, 0, 0, 0, 0, 0, 0, 8, 71
"f:\My Projects\SnakrX\src\utils\iconMap.js", "JavaScript", 53, 0, 0, 0, 0, 0, 0, 0, 3, 56
"f:\My Projects\SnakrX\src\utils\logger.js", "JavaScript", 50, 0, 0, 0, 0, 0, 0, 0, 13, 63
"f:\My Projects\SnakrX\src\utils\sound.js", "JavaScript", 64, 0, 0, 0, 0, 0, 0, 4, 5, 73
"f:\My Projects\SnakrX\src\utils\sound\core.js", "JavaScript", 79, 0, 0, 0, 0, 0, 0, 0, 21, 100
"f:\My Projects\SnakrX\src\utils\sound\effects.js", "JavaScript", 173, 0, 0, 0, 0, 0, 0, 0, 19, 192
"f:\My Projects\SnakrX\src\utils\sound\settings.js", "JavaScript", 67, 0, 0, 0, 0, 0, 0, 4, 18, 89
"f:\My Projects\SnakrX\src\utils\sound\state.js", "JavaScript", 8, 0, 0, 0, 0, 0, 0, 0, 1, 9
"f:\My Projects\SnakrX\src\utils\validation.js", "JavaScript", 16, 0, 0, 0, 0, 0, 0, 4, 3, 23
"f:\My Projects\SnakrX\src\utils\validation.test.js", "JavaScript", 86, 0, 0, 0, 0, 0, 0, 0, 14, 100
"f:\My Projects\SnakrX\src\utils\validation\rateLimiter.js", "JavaScript", 29, 0, 0, 0, 0, 0, 0, 3, 9, 41
"f:\My Projects\SnakrX\src\utils\validation\rateLimiters.js", "JavaScript", 17, 0, 0, 0, 0, 0, 0, 12, 6, 35
"f:\My Projects\SnakrX\src\utils\validation\security.js", "JavaScript", 24, 0, 0, 0, 0, 0, 0, 9, 6, 39
"f:\My Projects\SnakrX\src\utils\validation\validateInput.js", "JavaScript", 61, 0, 0, 0, 0, 0, 0, 12, 13, 86
"f:\My Projects\SnakrX\src\utils\validation\validators.js", "JavaScript", 119, 0, 0, 0, 0, 0, 0, 27, 38, 184
"f:\My Projects\SnakrX\tailwind.config.js", "JavaScript", 147, 0, 0, 0, 0, 0, 0, 4, 1, 152
"f:\My Projects\SnakrX\vite.config.js", "JavaScript", 198, 0, 0, 0, 0, 0, 0, 11, 10, 219
"f:\My Projects\SnakrX\vitest.config.js", "JavaScript", 66, 0, 0, 0, 0, 0, 0, 1, 3, 70
"Total", "-", 27370, 622, 14604, 178, 140, 70, 15767, 681, 6001, 65433